feature1,feature2
-0.3610349243414058,-0.4992992255125905
-1.3224296559392177,0.20060020046880794
0.31985124936685627,0.08571429241767566
-1.7513557807878033,-0.9839210516348942
0.13529672285278593,0.6778567664387506
0.634196371323894,0.168466617753637
0.7470946483953242,-1.1661855962624739
1.7749664270175642,1.2126788977765912
0.7200138136554277,1.0342611462507016
1.4925237673168943,0.08022006598160232
-1.1564009166681863,-1.382177217154722
0.653892952375031,-0.770855233838426
0.41598797396526105,0.5269105636751271
0.8089406684676093,1.1846386868132812
0.6660152388621277,0.3743214890688508
-0.4050458804387388,1.447232304070199
0.5405444039815885,-0.5171665249743116
-0.10192296464948869,-1.322766614620511
0.7989538827400251,-1.1607162411397507
1.0518122413635596,1.248673477232683
-0.725214958716824,-0.5538466775268533
0.25070619824689716,-0.05039749734239166
1.6403597079094776,0.9205154995147686
-0.12963623549024034,0.9274859907286754
0.583937909710122,-1.1791022456526121
-0.0881238102470327,-0.4732060906633493
0.28039350422510384,0.8920697930659717
-1.3585118373292184,-0.42723171821301975
0.8813898823374693,0.5721775064862547
-0.7746551105014697,0.20089001662088957
0.5078065511449764,0.3221475744811592
1.5562175046247524,0.36001088054408137
-1.38178801770963,-0.0255479891388067
-0.43940385432783696,0.5641290435641874
0.009373892687685403,-0.6357458619174389
-1.0819960584193304,0.4560405080466389
-0.7512955679208101,0.813348087893196
1.857814559394015,2.6797170637692385
0.07411870281372002,-0.22488864765214786
0.9143172937497144,-1.0732516208511786
0.011685149608697959,0.3687977211204444
-1.0207586777110649,-1.5390288959847123
0.9510545206949765,0.44929747711044
-0.9571370434379112,-0.6283859337782266
0.2021520778195982,0.7154195109329543
-0.5683941191389851,0.4002508713939043
0.7718268874021326,0.4441647408043643
1.0713330957095066,-0.3921818524226122
-0.386975318603554,-0.12592004642366458
0.1128651833340523,-0.12172195004109515
1.43606967977157,1.0154243570062107
0.6979381121686936,-0.10433915705292537
-0.0623479048370531,0.34170295197748535
-1.720773813124284,-1.5461960002924449
-0.18582222323743805,-0.2602681390036051
1.6749615542239187,1.6484476787747018
-1.283781948126842,1.1794601643584444
0.01581581103012958,0.31736315336374205
0.6144002931848218,-0.5542777444347103
-1.3656801057378263,-0.6137470730510519
-0.2303600339469759,-1.1397474887417147
-0.5139299781588083,-1.9157810409510891
-1.6034609645271305,0.5869946612828483
1.1409784857358443,0.5746807561330722
0.16543721337040462,-0.33803844074579464
1.3086324366197968,1.377195411425824
0.6831857873037679,1.1567782179389494
0.02127754119275793,1.5712119462102978
0.8393480068638184,0.5172864906581427
-0.0890944184411836,-1.319958734875139
-0.8505574588515372,0.45658529543089105
1.2998043880214505,1.4844382465537544
-0.6159765377142741,0.165846334063036
1.7314590453917775,0.41100243230750083
-0.6005069917318488,-0.30352231849866274
-0.3901572766143907,-0.04370906711741478
0.4727918355079112,0.7050455326689147
0.1033675019865894,-0.6109839160397785
-1.8527245848407452,-1.3788916639289575
0.7034222878778227,1.3599758965116524
0.4505567851486811,1.237641388891133
-0.5930320449568973,-1.4137143633086076
-1.0406986647933525,-0.627917737856854
-1.660321473321302,0.2364715093326456
0.5893804244240334,-0.1643557399334563
1.1782472355712477,0.36243695060580905
-0.10380394838050178,0.23734802643614175
-0.6532128857312307,0.17397036330479318
-0.7380270072421845,0.7155070699151326
-1.1308850424255976,1.5892841241640214
-0.11326503927478704,-0.9704225956910696
0.6861839004215082,1.1686563156646934
-0.16347579815343063,0.5505246959386613
-0.37342134857885634,-0.4462502612357291
1.4907684839552489,-0.024078740730616055
-0.041506105502104984,0.8148926888213673
0.43745876814791185,-0.8082800105640763
-0.3426377711024512,0.04267960862638563
0.688580440101201,0.8423055460467288
0.5210749200193397,-0.6218953778112835
-0.5902452063987076,-0.02946068003047319
-1.464850916207559,-0.41104886417265574
1.6620091906240535,0.7241841507089304
-0.7029266007037103,-0.1891406497915013
-2.372410125828796,1.480321364825925
-1.0621885051300537,0.07337713505054534
-1.151885388093166,-0.5004941367873678
-0.10645343535616336,0.6525157851371038
0.7876955718447004,0.5508769651046915
0.3794000927977857,0.46127423218410823
-1.0709205235306611,-2.938185716122409
0.21203917712455211,-1.4006766940650999
-0.1357703138546455,0.9531802831127208
0.4832042594722335,-0.5945405184570728
0.27967230917303276,0.9592700581077086
0.5242867623525262,0.740745351934501
0.2863338027490083,-0.3652665448568086
-2.1736695568082314,-1.5397505344902196
1.6605977689465028,1.8470520837159303
0.14690722297200737,0.9993405577682313
0.7437113132421705,0.6289748717752714
-0.870209409270116,-0.0044542150999944555
1.2067377985019638,0.8722365626610151
0.7379793211605489,0.08465008858683686
-1.731419076782864,-1.3264373658219082
0.633026562150939,1.5508885092057152
-2.354073807687088,-1.3216085471359407
1.557930024696399,1.0736959518301472
-0.7433425067239617,-1.4510119723427424
-0.7716759261823845,0.0029581272469524104
0.8325080139594094,0.7729826578976092
3.3192136776237766,2.294826036289486
0.8426220262757756,-0.405161155689074
-0.6986389696493599,-2.1287803476099927
0.3157194156318257,0.446459992917917
-0.5302482065374889,-1.9661103577169283
-1.0124458886372152,-1.0022128276176279
0.6189596887100859,1.0810631629733567
0.12771768534317554,-0.47249919181561917
0.13220641959240317,-0.2531071772693568
-0.42937424201827273,0.2327564325027737
-0.7546231041977638,-1.9924386030246128
-0.8712171898111262,-2.8233049893336277
-0.16270885502563773,0.4256083514589385
0.06800366419492168,-0.5546958556256723
0.42673962323160197,-0.06626131142723124
0.08560380309841598,0.935205900119441
0.0372703172401494,-0.6556392780205048
-0.9327261058048163,-0.6254265849282068
-1.0187736656503907,-0.38914482372677844
0.9980212591675577,0.4378402189705879
-0.952360378839134,-0.34199011340566904
-0.04056238030185123,0.07676500300693077
-0.8107045628584584,-1.4022759516942884
-0.37270390422024385,-0.5748965566541377
-0.3608709740724592,0.7379058779147313
-1.1215863449229548,-0.30807670892231614
-1.1410797319142345,-1.1200758902814754
-0.4354552190309907,-0.7457219756244468
-0.2156647691232894,-0.345807823490974
-0.38157948246673684,0.21357754297017684
-0.3375937402606829,1.7547935354247777
1.4783309154213091,0.26414230263357674
-1.398784783831513,-0.607122089868577
-0.8546763712046026,-0.22633086194032245
0.4592332021427213,-0.43802116934311036
0.272932182637633,-0.4042295288744787
-0.7709497701202128,-0.9180071516223514
0.8755944640016537,0.5542086223486601
-0.07574685302235568,-0.6394714058263307
0.5902201443242634,0.8339073558161757
0.041324314027443854,-0.46561886134368596
0.29190617014222764,0.5239561074998639
1.9578097137474206,0.5503459393708651
0.7289145226626611,0.5154673709508137
-1.0069319585114247,0.46842425843812746
-0.6627857565114248,-0.8227242864748517
0.5177332014462793,-0.4847961631915296
0.16036216553319463,-0.12829647338694328
0.1341330002506348,-0.6930979433016882
-1.2161367312010407,0.31660218180153715
-0.10666680956646514,0.29504491253247633
-0.39707199314810226,-0.7982924650339386
-0.20036598243582057,-0.1877735816540257
0.3019149092418926,-0.4710948746135739
-0.27022557918215256,0.227772712063297
-1.7363626419325116,-0.7770918158473044
-1.4810369257439906,-2.24838448863204
-0.8471228345146997,-0.6637808287763479
-1.4922758267706069,-2.300574112125758
1.0269167701632302,0.42752412471920803
2.102225163081824,1.5764701414010622
0.582231276509893,0.7326250629861006
-1.2340547765261025,0.642116062689784
-0.5346393604002286,-1.1115430160626316
0.5320903427670726,1.0240095142735781
0.22762611327249904,2.059084879126853
-0.7868372807348671,-1.256012932839572
0.8066818352102849,2.160554209375698
-0.5197137402524253,0.7181025717210365
1.6805023684893552,1.0811273455355823
-0.02803147404813495,0.01894911971660711
0.07834316549349635,0.7011930978409951
0.9957761559552238,0.8533966709339301
-0.36139849005617586,0.15304034400257327
-0.05395551621701011,-1.1785976080548792
0.6897434332134919,1.967420255112001
0.0864508918704242,-0.6620356446861295
-1.4011743330793518,-1.285499698786493
-1.055060560715781,-0.9875420793056721
-2.662330474965469,-0.9069896325222642
-0.2701761982627392,0.7013947526916163
-1.2432277460984174,0.12540381143393167
0.4926224995707431,1.1786739595691824
-0.03725275038769438,-1.7959922368108088
2.0443480200928024,0.005115842332701566
-0.1254579653158456,0.5920842904801166
-1.338126762879749,-1.264031982459974
-0.720371706355546,-2.1004731645704373
1.502946314290179,1.4473986153935603
-0.3162630614502687,-0.3489578095443618
1.8350173992443761,1.7458973597315874
0.7948674514841811,1.4645400003142195
0.15245649906098763,-0.7874232872663677
0.9746285655224505,-0.08458495636650121
-0.42328946972577636,0.531852850775462
0.6016405395396552,1.1056870550574995
0.8556529841919398,0.06278015192959555
0.6103121719065268,-0.42493015051284744
1.0784133095126915,-0.11946458307615718
-1.7191336525452152,-1.6838701005734862
0.49899011023043915,0.7129700209646611
0.20776374435643052,-0.013205855176792122
-0.9106378194197161,-0.1531301093724108
0.747336590889855,0.17151835024517498
1.38916233945514,-0.912758825280445
0.6287568177288112,1.9956310851733357
-1.3000658085191248,-1.549101848075503
-0.6549380540068679,-0.3436878994633316
-3.2261764510638944,-2.106601539629317
0.5885501041134766,-0.3669903364869493
1.2894915052254783,1.492955141092701
1.366145814386337,-0.05610789521133746
1.100722544959401,0.019174541345005503
-1.901927394229981,-1.0202876372805305
-0.733067559529561,0.7468765793604654
0.3636391807934845,-0.4976450205347792
-1.5885191658735847,-1.0496091221889257
0.9934508586662296,0.8031121805826212
1.4497075169307276,0.06690778596639098
-1.7568016048122361,0.1526150356578948
0.9297104294912588,1.4926796661818298
0.807035685525423,0.31991030176072666
0.9450235722783229,0.0810328025985066
0.3734540957723218,-0.4574960206387161
-0.20910342702767398,-0.2593415364768109
0.6607169097917844,-0.24684675224981362
0.12180301153385026,0.8771942373596063
0.05497061272430581,-0.9225846320742452
-0.461717861604079,0.2896692617677101
1.1740672864730428,1.7174274788529778
0.2885496741016597,0.859148342694819
1.5634428695691627,-0.24143923109535656
1.3854506236133846,1.4335355702747663
0.2272320281269534,-0.6770845969774553
0.2777227391681072,-1.3837973231008527
0.662734884186765,-0.5482813155756916
0.5408072928024347,0.5882059641188487
0.9374176042064752,0.5528620599766497
-0.5830292016637386,-1.1599210711868873
-0.15887717146187574,-1.2885840261194939
-1.1796081874347155,0.2619604332231851
2.5389545539695613,1.742059298499084
-0.3982364289327757,-0.6012818149757684
-0.019429161491405555,-0.6234143482072262
0.002849662036212869,-0.1528275733558666
-1.1385393531317654,-0.8841185098305521
-0.08643399868114465,-0.49831096480361203
0.6385584709999971,0.20600028318037608
-0.13111333546666992,-0.5520978162869329
-1.288652786773013,0.7867480118724256
-0.5914043569521101,-0.9174278891199512
-0.8362440854627439,-1.2443194584842951
2.269110778999074,1.2610244680816698
1.7959100708237365,1.4443965867824278
-0.8541694404123278,0.8222678718629551
-0.17357714646786293,-0.39267767527672715
0.3872813511584444,-1.8238539578494408
-0.5894807897669463,0.18138440412002063
0.7086162289281399,1.852370272135069
-0.08550253102953123,-0.5007904449303325
-1.6833516000043638,0.5873412578000323
-0.281611090121965,-0.03339050382162888
0.8227403932395188,-0.0271039762252732
-0.2910499978449782,-1.1471338237538453
0.17685054389730107,-0.30080690286781564
-0.5816397496400935,-0.2479776443531449
-0.6435277497410576,-1.153544148595805
0.7231004076998948,-0.2556633080824127
0.19611900343369296,0.573419496478545
-0.19448871030170173,-1.1166540344793272
-1.430919747495318,-0.07528188869036685
-1.2964430352819187,0.5803527772761474
1.2924484552534177,0.04779375194200039
0.7923947660322935,2.2884390775214767
-0.5389049463114646,-0.5944896172219195
0.3202845809935913,-0.8052044663047853
-2.182693936691866,-2.0534727547166383
-0.4576219831189643,0.2681446407797281
-0.5285082262783953,-0.3046242019992639
0.44883678089031265,0.9203051380263083
-2.3025910475694844,-0.9571710014145065
-1.124132253423759,-1.635347929854944
0.9199163741012883,0.79412945400164
-0.5953549489011434,0.4988365695698052
0.70094220460935,2.230492524069964
0.35027938914171,-0.07660168080571013
1.7039364361895686,0.0490797643237985
-0.7495456209532911,-0.6762276537648871
1.764678295096192,0.4695995230325755
-0.5437126828573269,1.1253088424320663
0.976384181442667,-0.5267587716754394
0.34918152117608997,0.07645795142841974
2.3627197771732398,2.3084249106554275
-0.1481080126349692,0.5480983521784492
-2.16452546347862,-1.0379604339308621
0.7861273911816511,-0.3203985175600192
-2.258204179699348,-2.1989857456848596
-5.770983389115358e-07,-0.02412566420834219
-0.09936622896555446,-0.2437266408894972
0.7702353417644441,0.22337640052405183
0.30007754963095334,-0.2433472215028117
0.5641274429330769,0.6705576706249738
-0.5311797466186154,0.972813241964073
1.7500537727726833,2.841560624695145
-0.04244631577849445,-2.115836548186644
0.4824965950332476,0.11105572903745602
1.6078492275447582,0.8300325399538828
0.08565167329097734,1.8379221167146
-1.4460988057349842,-0.17454371074082506
-0.06046045505437725,-1.1895122262716062
0.2095605947841032,0.6989351560120213
0.7018945140856441,1.4148929442580322
0.39553830375435334,0.020717496204756033
-0.8378410492810205,-0.39357773779498045
-0.26705903217613475,0.8922707711881135
0.628260501329118,1.2441961082733817
-0.3588675367601329,-0.6684139760741231
0.34311730591798206,-0.9079962704673212
-0.7077798041948932,-0.8926819406378821
-0.07181319800602204,0.9771960278308673
1.3142101771870944,-0.09425111917646527
1.0450754328708558,1.6510853842164954
0.2314872560208584,1.9862814380052232
0.9547755719681784,2.6512319402582167
-0.13438993130452095,-0.23110304317491331
0.2723457150075327,0.6714818293596034
-0.5190583326444744,0.5842435493720476
-0.1740749262868287,-0.023773164824951048
0.34337022476399126,0.2864246010429237
0.5885200451380026,-1.1216483475186227
0.7959307775440365,1.5391948715667514
-0.05598214187121629,-0.2399654782238954
-0.18975510700712794,0.15782659835454313
0.8565979577876306,0.0782932323853178
0.31957942268228,-0.6587933549327522
0.49773454450518495,-1.2048490597326555
-1.1275736675784933,-0.6549761851654502
-0.7130737460127536,0.2696172379327604
-1.9495282107674317,-0.9351581457493009
2.234032332873207,0.954455366137505
0.528063235935502,0.5541542861463357
-0.08543395564769646,-0.8111777688011621
0.2159467035568864,-0.5394362287964363
1.232920500681586,-0.17374059616663656
1.4753857475585805,0.12370114194224675
0.3183101296482084,1.371951926256048
-0.49398747636551466,2.1383945884718765
-0.5196438961519008,-0.33480777245702675
0.3932047034684541,1.0935145828774453
0.437512073578484,0.5595218882238453
-2.1690682961142063,-2.2651281958388556
-0.6437116838922935,-1.3468881090181808
-0.8550993962073157,0.9157012394281944
-0.36325487961827163,1.4491936783786572
-0.3316977677349122,-0.8941645436291799
-1.0339583923853262,-0.06140394275859634
0.24660913633889414,-1.3236155835515624
0.7534785840761604,0.5059599485246556
-0.245874808283911,0.37479728926676703
0.5137785982689306,-0.8215657604411708
-0.6345538700773267,-0.02396812479350345
-1.0251831114814614,0.05559761407316056
-0.9517878102322219,-0.49260773100378513
0.8912457553557926,-0.7697151781601985
-0.47590413527900466,-0.26821644811589346
0.40318011576872315,-0.8735684600515866
0.4096460002544219,1.4627988535873255
-0.30649458059584694,0.37500611677677753
-0.03940250287077225,-0.009646363375029008
-0.5545552478260763,-1.0705999760434501
0.14789460969013224,-0.31438067901491057
0.5308708325392061,0.2216987090705666
0.047000821558492195,-0.4317478001049849
-0.6402130545948386,-1.5348203568143426
0.38170112022779035,-0.05802993804638464
-1.3513969948203814,-1.1548422183088067
-0.15082339741760664,-1.6363837704545787
-0.6760877121418851,0.2135430834815521
-0.6040002125699192,0.4614801624954321
-0.2566887812215887,1.1526586589639913
-1.80948489554682,-2.172323455986479
-0.34087573757576156,1.1125087395419395
-1.106519591736458,-1.6293796188897265
0.5047847623705918,0.22300015351008431
1.6236542699287537,0.7050023234445552
1.2535101955349397,0.4857126304308109
-0.08706937266390523,0.147145359872615
-0.8435957949878865,-1.8419498357266773
-0.7454537804819961,-0.9594426247075049
-0.29457291695887733,0.3802465752077263
0.7811009189691456,1.1635106651531961
-0.39037747283259766,0.10207379117555124
-1.4780774615575138,0.9772226783533807
0.8177975048716363,0.28680054986981846
0.8173940855915816,0.2619169664313268
-0.042514821261145586,1.1465017098464063
-0.9448196180681862,-1.5155659118176625
0.4851332930966154,0.9565488494830194
0.16177327602474478,0.7947050937802559
0.5821355664287111,-0.933608548568521
-2.2381176533881466,-0.44223998029262435
0.7245413530792698,0.3368397931432856
-0.41479508542404486,-0.08033829543701963
-1.5754183390345924,0.4347861997317577
0.5523894164082979,-0.24590782813015594
1.5599905113598806,0.8290604714179614
-0.8685901316997076,0.9259677318180803
0.3363705584317389,0.5601585100706374
-0.579973991521327,0.6084192819267571
-1.922953287993034,-2.453822060913354
-0.09821344769966217,0.9459474293694099
-1.5138890155088154,0.3328183102272184
-0.32605059708450257,-0.6853426878715622
-1.0658738785389903,0.042829702043917686
-0.9641954278230332,-0.45692139671573523
-1.5084151739809242,-0.33911958353525107
-1.5213397421023882,-0.8726298545127451
0.07137165976942261,0.21808534620274544
-0.6363995793963275,-1.4533352503835635
-0.12261104501751896,-0.5159498573448796
-0.6641196781924869,0.614332184414812
-0.1887149216228411,-0.14227837346669225
0.8045431805672726,1.5507967465944934
-1.6406330602618975,0.5226216630435628
0.1569686063692647,0.3761189340332035
-1.0046992452645946,0.5727540344988798
-0.05698241097090638,0.22203911479943286
-0.6197583818645958,-0.43314925870823767
0.28957785485491383,0.4836678477532214
-0.4165347199825723,-1.4430500193936326
0.2349052917254531,-0.4652155232137202
-0.2733472869639816,-1.7965341917477562
0.29543458093506114,0.6726464559995821
-1.322908449015417,-1.3886587100884045
-0.4597616404348887,1.4213954290057014
2.353419801103499,0.15461384448341617
-0.13003657960211928,-0.6320908039547305
0.530235339163869,1.2385917864632223
0.07090170378172739,-0.49317692695500104
0.6725474696858817,1.5450047979660264
-0.5135028057930755,-0.6126786695724583
-1.0641921669823864,-2.1342769333085387
1.6670975870740439,0.9751895171927991
-0.08219107644015192,0.16114837288253994
0.032888856155245866,0.3849442526695427
0.36198263315004353,1.8057472372233032
-0.48750290835527205,0.6297929232328559
-0.5251854660608047,-0.06843224690702074
-0.717287218934913,-0.2695786589175981
-1.2211905027019543,0.10796202743047749
-0.5246942041371621,0.18430955345135042
-0.642345216845764,0.797771998603709
-0.3146972999478428,1.4862431329629728
0.7501653564809472,-0.6806097456371012
0.22958415108775487,-0.451467506387126
-0.4017066793005478,-1.054330658602939
1.3311765533845221,-0.5583641775610091
1.6036484260764132,-0.8202309005525438
0.9914927541923872,1.7519074103366845
-0.8932516805819453,-0.46779411879698035
0.8612815828743856,0.8135702267324056
0.5823022349668299,-0.5760624542257126
-1.7406622666245715,-0.8632999760488999
0.1779176683654642,0.20480350735999495
0.8404026288176311,-1.2013322396066597
0.5550540165026798,-0.1269302314951188
1.007978519950795,0.72687822706484
-1.8772636309262076,-1.2364207696591978
0.20836412458175502,0.7809469059379136
-1.6741941984637263,-0.7495605155509573
0.2718269736648527,-0.37510980404072125
-0.8014218198147929,-0.407936434393043
-1.0928459706805933,-0.4576741689986237
-0.6413217082971971,-1.1765569198577652
-1.23969652998039,-1.0420969252879901
-1.452634726128558,-2.1418225442181256
-1.6023441453226788,-1.4044333618600306
0.8060874566398163,0.3222016225854946
0.06534593372928593,0.48951188013120234
-0.16593881266948807,-0.7396388166080671
-1.0500434837091088,1.092226874902755
-1.7142581062785336,-1.2779344366045013
-0.0929276408849594,0.027103685833301923
-0.019925867463666425,-1.0427184326620722
1.0571866566854882,-0.6113974171921019
-0.6693353358056919,-0.022139396102950775
-0.3685416305290266,1.205445132761006
1.7937316433516124,0.32935676314179224
-0.7179301281046285,0.3291681745075261
-1.2288820275041283,-1.6877662903730681
-0.914910769576519,-0.953419239077226
-0.29233034160787047,0.591329595878802
0.22326789431631577,-1.3531242626679338
-1.968767129649111,-0.5886757755016591
0.34385142444857,0.7396549578859789
-0.5581795744691638,-0.2975058086452566
0.8123899270326633,0.14076655909461164
-0.5642340349809797,0.6084949842783851
-0.2854643773368735,-0.6560787094229794
0.7559606228258744,-2.0925819978042015
-0.12500339012941453,-1.8647171689075142
0.8737180099397315,-0.2459518846864125
0.5408136540941705,1.7016404414726896
0.23178918085123984,0.5782930625819556
-0.19788600034191575,0.27915482688120574
0.574966402869343,-0.7080258213192268
-0.6159140830080916,-1.109670666169404
1.5620970477933154,1.1339818868274025
-1.724806974724275,-0.874585232610782
0.476570457640087,0.12731275332165815
-0.759829866678658,1.316918116882183
-0.545786627833958,-0.11574498064288825
-1.011646223803609,-0.7728570647770953
0.32251200347405096,0.12616215438907266
0.08061962785045987,0.043397391340618256
-0.656118612237352,-0.6041727264300525
-0.5941266286449931,-0.6748432087535753
0.9310002698208952,-1.0672004147112126
-0.9668072824320686,-0.6203188065340758
0.5838255807246874,-2.3124297974690022
-1.7387907328833505,-1.878380361038524
-0.43976150776931877,-1.4796674348948498
-0.0039699869735511095,-1.0573855501472074
-0.4168159108786088,1.4972154429881774
0.05641936652580193,0.2738522397055248
-1.0013417017758406,-0.5056598138032359
-0.3127470942968914,0.052213908169333786
-2.052609554150997,-2.1102283511845825
-0.6994840811358014,0.3511703148718107
-1.5509286952642962,-0.36389838970391586
0.018345857923093067,-1.1246590548073907
-0.841420505805947,-1.987765898824635
0.11504792402655378,-0.6392279259928042
-0.10883576764547767,0.2199266426580031
-0.48926388938700793,-0.06734313515172309
-1.6242821041350035,-1.1707478026210234
-0.2705977354799448,0.6934894328084129
-0.4163077528921393,-1.6439155680291317
-0.8679500078680242,-0.16677726555712588
-0.4301558535069606,0.9455509598046592
0.06716372361418399,0.19274017708572663
0.14209507271841382,0.15767412029988134
1.6694275160843848,0.22937663349009013
-0.9574012170565744,-1.804362565374902
1.935266016548559,-0.21812409705515604
1.214902002249361,-0.10818779115813763
-1.9269353867485857,-0.9171182974059512
-0.5302622221252153,1.7221735832190936
-0.6878181605392102,-1.0126495440478327
1.0190775571491484,3.31002012973989
2.0261044300951276,0.38070568313823533
-2.1054481744488127,0.33430423189046027
-1.480769986624574,-0.9168608665722144
-0.9417801482833812,-0.0883645895030732
-0.7978471503983258,-0.5166557264289499
-0.05894423917494652,-0.12153736707446894
0.7932900259458185,0.5126149490790445
1.5153134220005504,1.4169737952058004
1.4079396713559642,0.30435035414019285
-0.8517940480634496,0.5402082382811498
-0.010035207703519844,-1.5805358113266974
0.38665751257566017,1.327428700563876
0.9631756167006476,0.7385424667036228
0.007813136271602128,-0.9605313185920332
0.5757548822000577,-0.7582706127181469
0.360908689604478,0.680690623747015
1.1593356723276447,1.5998104102880437
-0.2592381444636573,0.29325180995349076
-0.8759855433533135,0.48815488662053097
0.1062551700932671,-0.3231503710319859
-0.37756175896355637,0.16573627007283198
-0.06260990773469535,-0.02201821653081296
0.9393930936616393,0.2764921761106907
0.3399034252670421,2.0894801684539814
1.4236697595803096,0.730764561784402
0.17469675377401794,1.0696211307184593
-0.3684371220979233,0.8793049505758106
0.44376290869392887,0.7227570709177308
-0.34914279478727184,1.7960063329861167
0.8735800452602809,1.1834007554873085
-0.7557664279442118,-0.3419673304927134
0.22537416946255373,0.09555346972912751
0.0355591531031453,-0.11144284852534332
-1.9400053021173753,0.2705176994739763
1.1677035380074556,-0.2020994415716226
-1.2134001722568462,1.3663091653974722
-0.12355581048476338,1.515560994959304
-1.1761374040860337,-1.7297256457940282
-1.3069521124622103,0.32144451066632795
0.43012443502575143,0.22654407492338963
1.011128813722509,-0.0036279169703581377
1.174260981515086,-0.04967928524717061
0.3554694661677504,-0.41450376489089114
0.5754832844441182,-0.9804123617595092
-0.7033151675122763,0.13021379409664843
1.5395974299735857,1.9136539998211577
-0.458372025574715,-1.6680130442659207
-1.657999681352847,-1.2389806719868015
0.6384427158848454,0.5826736382271394
-0.5215279855665493,-0.44552259415413775
-0.006239579359969716,-0.926913172439336
0.5601864724313804,-0.8535280244735999
0.5482784154232558,-0.3556292260415341
0.018941027921628883,1.2550342031320663
-1.2496713482952848,-0.6405332273881075
1.1041748279318677,0.7877663782370655
-1.1214318822743985,-0.9797149686344935
-2.205257221069009,-1.8119393816746368
-0.01176118155347361,-0.320877645755975
-0.03941489779554323,-0.19188473417608673
-1.091591261049793,-0.1348889442552088
1.3463033166855989,0.015070363127820804
1.3362048362166663,1.8441961631292099
2.031988807110236,-0.12090178584224721
-1.5830187016073172,0.9099808158254737
-0.41398782360814523,0.42450295084349676
-0.02142147668200526,-0.12031112987314792
-0.6508063101939383,-0.9410808543825896
-0.392417439860982,-0.07071963366496829
0.08256213011248864,1.0746044796490115
0.5293921736845908,-0.22635298580825405
-0.015397163016866111,-0.9138651448079034
-0.019846099867610326,-0.02896509651181387
-1.1777622623070003,-0.7030640294270473
-0.38720916754738377,0.4305571316529034
-1.4828602071578247,-0.925049900805962
0.6469524843949893,-0.6648837479551704
1.075027842318506,0.769803137963838
0.6213387024792586,0.4343673994938124
-0.3139066512617408,0.2157861030949901
-0.18219708917816696,0.304304554648035
0.9318968020572359,-1.0435697642966357
0.8855320915817091,0.7414445358600935
0.7476620131267804,1.347590743122985
-1.9350500335224745,-0.7162881818251574
-0.5605161199427329,0.9302100169072194
0.03979319090595529,-0.2972927802120844
0.6824571326195565,0.3799874461314282
0.25096287482918256,0.4213790972046702
-0.14058415685269102,-0.1375381366992765
-0.9737226922765869,0.21692358250975466
-0.07988901933580417,-1.5647869877857077
1.7446006264674403,2.6789205377067136
1.2961343776659047,1.071368975773221
1.914337824656498,0.11235738707647805
-0.8484980579790987,-0.08934289767645173
1.7947937986477407,-0.7962484934971696
0.277159566161591,0.6689635715641375
1.1890950286195143,1.3724549483986699
-0.27638703148862187,0.3029044681124666
0.3829748336002187,-0.5900941072813368
-0.9569965313724582,-1.115526104399428
0.4902804043908349,-0.44298755468236123
0.8262950475920532,-0.058507666434847935
-0.7060785586930617,1.005629921449282
1.9948819401978313,0.38132054232108975
-1.169409038327404,-1.37873271547927
0.05948164496107622,1.0993863323571527
-0.3885264144347197,1.4374832991122166
-0.3431453223896565,-0.8310567305353592
-1.565426254979074,-2.1711411779824124
-0.7923197343941691,-0.4930271539876772
-1.908096624137896,-0.3465854274110431
0.3489925290556338,-0.4044253412905497
-0.05948987594238875,-0.7372052456944949
-1.811912169555052,-1.6753768384723142
0.22403759105377222,0.40871789691868066
1.6524526080939137,0.6808385695832619
-0.7111417998503291,-1.3680360788217247
0.638325130239847,1.174977882767133
-1.3863265746434417,-0.6673732639783747
-0.4842050550038074,-1.241000143573268
0.4806573307923838,1.9819909827478706
0.40486544595388185,0.15403242949883444
-1.4283648726992864,-0.8721348632986261
-1.4773115643479044,0.6876907805531799
0.09338307126699219,1.0212231993482292
-0.18367095394163901,0.08492132492161841
-1.5776103643004902,-1.069774608010866
-1.0024317478694396,0.07007558944036281
0.7356631686341135,-0.10354649870489306
1.8880095988177603,-0.07834699055824179
-1.2291234271101676,-2.3323317928318508
0.33001790864909875,0.05320460876017799
-0.6740906158658155,0.1416465966734811
-0.45365318091808365,-1.036730619487022
0.0034416744188745796,0.28602162490717425
-0.5882999550392831,1.0190456209807095
-0.7926356737654705,-0.05775788771565296
-1.1608089471014995,0.012664910383825686
0.491646705507857,-0.8051852424479897
-0.020461472908442135,-0.6718183667002712
0.16461346588197662,0.7509774846370699
-1.08302038530578,-1.0617488085697182
-1.1185647067556013,0.583650237879637
-1.5093399265691723,1.092343187611223
0.39063566037585606,-1.3701270987799619
-0.8429921740460652,-0.46183378916328727
-1.453549325271581,-0.7803679740016222
0.7320555175806024,-0.4922427187087635
0.6062796778961185,-0.24424077631318142
0.2084588528131654,0.797037257233775
-1.64351548757387,-1.2488439577508885
0.813363777567921,1.2579664457880615
-0.731421814243782,-1.3412047185631641
0.1087181735173614,0.12340636824655848
0.3556016615948421,1.003882095438701
-0.10502205271847957,0.31451039118854823
0.9873199217982997,0.5498616214748892
-0.4391840310532632,-0.8120171831450302
-1.2957764737782376,-1.6954126593928398
-0.6608780962800178,0.27171273559307224
2.108745162567728,0.3479363505869517
0.6899650741482538,1.9525491775754358
-0.8011764692058883,1.7570228164623642
0.39637710286314637,0.5809284060601833
-2.3385528384321574,-0.3324599502730341
-2.389497582656172,-1.1811313520630293
-1.1831276370169754,-0.590600687815792
-0.3984876071130359,-0.9496733234415693
0.7102682470972563,0.7068937896863043
0.373998231103691,-0.07922981822358424
-1.0807418246593719,-0.12543661608886086
-0.8153276499258528,0.6622024311294089
1.0855615057036259,0.8919020464239076
1.5540546481782724,-0.31248196889478785
0.1324773285337397,0.010729820150456142
-1.6260917672761104,-0.9952800827213324
-0.040074475076692595,1.8140180912574957
-1.348495050936057,-0.7663973474674408
0.6758606015189201,-0.28357863520455956
-0.22203378631385517,0.8667148333903307
-2.4037213806997375,-0.8604778524275482
0.9831647345367529,-0.1364526987522584
0.7622086139124763,-1.0062307516503755
-0.20607015701763506,-0.3536727433163037
1.2009509833421295,-0.39375208392466615
-0.1784403198448138,-0.7111411595067252
2.4493088066810396,-0.4229534066006103
-0.8622971915783043,0.90995440509144
-1.2101445537763025,-1.667240810362574
0.28714381470115785,0.7559180707761816
0.7137312031958112,1.0155231030152772
-1.2769115943615503,-0.04997837047724249
0.1885728496126916,-0.015100900564274317
1.1737954012314866,0.3469150471916264
0.012453720399582896,0.379819227215761
-0.3895980194847328,-1.1927769701650777
-1.1571444201363013,-1.4282680211788699
0.39211045928979704,-0.3551012198580264
1.6574309520928419,2.5414763484538914
-0.49746175494646716,-0.7787893120646806
-0.3159852717865286,0.19995394591757093
1.6177307453150171,1.088678067968722
-0.06070867829658588,-1.3149981014658354
0.42406227557297255,-0.9325195290504326
-0.38611947272542146,-0.42176095502290495
0.8163755058060768,1.981114860263248
1.0413011854203682,0.2310487484059873
-0.7480166947330056,0.4006206546957098
0.8488875760298233,0.9105674258777948
-0.7179187864797862,-0.024813179216642146
0.03071105038834787,-0.33631678869497444
0.6736422134821727,0.7597860965285473
2.389174862515188,-0.5321756209794198
-0.8300393012147973,0.07389553987139806
2.5512248689604364,1.5414941642504982
-1.5649510537477314,0.4925444159639676
0.34599359152879644,-0.3820093497003379
-0.5290452453155364,0.8458311738326485
0.9590173923817359,0.1598253857314821
0.8947324578513729,-0.05859615040733961
-0.9185748391765378,0.706103619293023
-0.1536181068915482,-0.4059716090178358
1.034311376339762,-0.5288794323568953
-0.725876902833453,-0.8037140998462549
-1.4402535938801282,1.7528539739647329
0.11716791694842332,-0.634623133146761
-0.20498634518790915,0.9434593640088458
0.6210439361358867,-0.8172340421814801
-0.4620035664663329,-1.1301476520053269
-2.1623474959146147,-1.082299430199966
-0.25311605555806593,1.0279003061770469
-0.48515143346460354,0.36762224165761626
0.0033873936704207352,-0.8429692613204528
0.04235009459755712,1.0723109121787184
0.49174817378563496,0.08809971054363817
0.6153608846479273,1.0389599502413882
-1.252432518875875,-2.3199654331301476
-0.7270849424521797,0.6851356129632498
-0.15721443011334213,0.2951573661363921
0.7059062355875515,1.1342133327952
-0.33079331017342517,0.6549366855064379
-2.3230883057636804,0.2664753362549335
-0.6648752111702255,-0.3390788945880589
0.00824140314247565,-0.3449248896682127
-0.14543490213890503,-0.4408363122779345
-0.8046902527997932,0.5129072828081666
0.3017521509580031,1.4416307120870486
-1.0816208445280355,-1.1996893715191141
2.141491239233124,1.5336692521386908
-1.1117961947423585,-1.1346642570412404
1.1178085798399997,0.613033658611782
-1.0013650819835807,-0.45463151378220124
0.39033347356784215,0.023509061753154245
0.8004776014607714,-0.12193258303773129
-1.2377961491306693,-1.560116618342009
-1.8147482254287963,-0.2934321735063446
-0.6487524423119687,-1.080372755030017
-0.337542711308232,-0.36173831769914816
0.6204491279787562,0.9448084097003592
0.4272387169863062,1.61491810544787
0.3017905545616557,0.5029502104344951
-0.11588200649094327,-0.3747869801950206
-0.2706399080091898,-0.7455435646317142
-0.0815757537233257,-1.4275554339700742
-1.0789124259359313,0.8600165731223537
1.205184824572191,0.5274398540473392
-0.5348481439786534,-0.35526636203905543
-0.5482481383761937,-0.059061008228530026
-1.1045348370799704,0.005165004876253166
-0.23428454053564018,-0.4755421951541826
-1.532406878606497,0.36747505628871824
0.6021288461017318,-0.3724004585689098
-0.898569401664398,-1.018950565617996
1.4578761823017476,2.3052978594521694
0.5088744495500174,0.4183411672458565
-0.3827532397190558,-0.1922535599399892
-0.39666011111851873,-0.832146481688362
-0.31458931725762007,-0.5741359948415373
-0.9475123870373018,-0.3321449030242482
0.26712262156624567,1.3531047377412777
0.06012905982801969,0.8681868581091648
-1.237171982290859,0.6010116945042637
0.36818561567476826,0.018868819556570677
0.1684077634473958,-0.1347720193868793
0.11538529558483823,-1.5009253128517497
1.4464172032913822,0.3786142817121888
-1.6782972023492961,0.032316170232629525
0.17486653825388815,0.0060448150638774765
-0.6416061041501614,0.520272198458029
0.6839268811207639,0.9222958638555491
-1.0950930060718784,-0.5939988361320333
-0.6647055423486039,0.33634055021853737
2.002130178302344,2.680005497833252
1.4817626060142381,-0.348870290842219
-1.129543710250755,0.24411483491220295
-0.3574033682214511,0.5954711789814874
-2.0537311561795115,-0.738816702595464
-1.7913146892769634,-1.049187198205071
0.7356554583599028,-0.8663103535372658
0.634719663297038,-0.20852693201915357
-1.7921486372977622,-1.9680344497300986
-0.3824411805639518,0.16904419547651592
-0.8852863464410701,0.8097646939896832
0.4419264372935804,0.636533892530823
1.3030096443875738,-0.017012866833132224
0.5483259724982947,0.5112891754498826
0.7179971222700458,0.02557614239618964
1.259459435639855,1.1763538630111599
0.9230980876580688,1.6831540513476713
0.6573808294094727,-0.8001706700554579
0.6438611186012131,-0.1082952869893701
-0.9466384572750435,0.39381198874810125
1.5664339556167102,1.6814600347641273
-0.196990969285502,0.47434910716496337
0.19135096981438396,-0.5606183619244351
0.6743217418664418,-0.12170411493704733
-0.9425053410157606,-0.9211936923438182
-1.6161490243931516,-1.6768098382077723
1.3703554526636759,-0.14335893994915166
2.3536327377120414,0.7694967947065513
-0.48570097741877166,0.02302404581116227
0.9218321591495207,1.816870473225636
0.34494663634391154,0.4917396483294609
-1.844643678507271,-0.9478043626417388
0.678150475488789,-0.21304174992649852
2.2231034614269953,1.5039501421845747
0.6764339139074509,-0.310745613243733
0.07524592644624986,0.15209780940501808
0.5197322828504175,-0.13027029797304238
-0.3670295551748219,0.07491109439458721
0.23884711145548498,1.6497794912017552
0.07595501559740758,0.09480463854225524
-0.7299397474984742,-0.49672361623497235
-0.9690026208473708,-0.6818784556455464
0.3496345620626159,0.7111380872687175
0.9362160976254591,1.044775803401982
0.13283644470189213,-0.0752804125706476
1.0522412729941664,-0.8296077725034728
0.4287872592223877,0.5216321603635022
0.3753978740359069,-0.6522772668900513
-0.6630477198507317,-1.5292225680652325
-1.0531717444737412,-0.6259773826020562
-0.32800617936074483,1.4473047132487669
0.5741427323888829,1.4932969059988843
-0.5312196014644174,-1.2018398105410621
-1.0808870664445536,-1.3309335810435061
-0.38017693625269355,-0.1198550974814728
-0.2890893545160801,0.521718918643702
0.18708459700446256,-1.5614473762337182
-0.29834579149300766,-1.960837779528682
-1.457563811954865,-0.3308586751272814
1.1502117872196769,0.739397499265092
1.065028847136239,0.8501078168475035
-0.12306475079326284,0.656595781476077
-1.8326025663354937,-0.4369187555455371
0.591462729084439,0.38224085533991115
1.8608352734123879,1.054965206916199
-1.6433774369194165,-0.027794613371184537
1.365209609757123,0.7727453506042283
-0.11721252307721468,0.1629486357423917
0.4891066930134015,0.9131677374774911
0.4175830473151844,0.40313077643690526
-0.47630717136395123,-0.4698849015530133
0.4327261690120188,0.3231163650861879
0.2615300823664525,-0.10848094751567561
-0.5751996205832582,1.0234475499214588
-0.3380303323792755,-0.6335106504084358
-0.43667047470774784,-0.7704899644637577
-1.200776834054491,-0.8311346418563971
-0.13093208031694042,0.31678484549333696
1.9238023883453699,0.7970349194355643
0.9624978383732271,1.1054409331369337
-2.616052075087989,-0.3847519288953567
-0.802990700232566,-0.3021462252881089
1.8310986513257228,1.2884248515917007
0.9926645409667105,0.3718169427155944
0.38166210723231336,-0.09042847046481392
1.3401687894323873,2.088079045549921
0.8093992799676816,1.048646144078831
-1.3365159857593154,-2.255900577345739
2.3342953845171723,2.0482911626370615
-1.9326327395603027,0.025714714660291623
0.8164715723903861,1.3131707956269076
0.4559448533701351,0.3499964990659994
-1.5385833506475448,-3.0415536790426976
-0.45359157868468136,0.014101593080751925
-0.9893101172146674,-0.8913269637437718
-0.07095530914915879,-0.46260387657094965
-0.061474630212359715,-0.4046669057097702
-0.353491878871826,-0.72310221491546
-0.31194711405392267,-0.341209927738901
-0.9494912613122921,-1.0008849849007782
0.9045304088447885,2.16645190955878
1.111270350899568,0.4575040122507481
-0.17136123389263225,1.2030768592781853
0.28067385668291633,3.418422390342911
-1.026191481555313,-0.8029525674261533
-0.09523743837976584,0.19031663647789113
-0.7739130544333724,-0.12869746848331506
-0.5259579226426983,-0.4363772413874494
0.2465367269555912,0.09526344330207945
-0.39808952624017113,0.7356805706268935
0.9561591172498889,-1.9842295174143916
-0.6653948321961005,-0.4706586374773255
0.21046148489980593,-0.17805696818907993
-1.4472734032865398,-0.4997469411636817
0.4658055507906487,0.8728578379151838
1.5312884982654513,0.15167033347652076
0.11155630129280786,0.9739497736755667
-1.0819732123275334,-0.5688877922302401
-0.8860405151449111,-0.3698622280299526
0.3395780851862727,0.7715006298602133
-1.0703206471850018,-0.31602931737142703
-1.383781106196578,-0.6754772589955138
-0.8394381950037302,0.23071204331269735
0.4639054098638981,-0.41796924136382013
0.5136714556965252,-0.23123118910992405
